b'HRsoft BD on #Google https://t.co/sxfBvg4amM',b'RT Are you still using #google #browser You need to checkout #Brave and be paid in #cryptocurrency for viewing the adver\xe2\x80\xa6',b'RT \xf0\x9f\x91\xa8\xf0\x9f\x8f\xbb\xe2\x80\x8d\xf0\x9f\x8f\xab\xf0\x9f\x8c\x8d\xe2\xad\x90\xef\xb8\x8fTODAY\xe2\x80\x99S GEOGRAPHY CHALLENGE\xe2\xad\x90 Using an atlas a globe or choose a country at random&amp;find out 3 facts\xe2\x80\xa6',b'Find us on #itunes #stitcher #spotify #google and wherever #podcasts are found #podcast #podcasting #modern #dude https://t.co/Cff8lYdQWD',b'RT Hello Guys \xf0\x9f\x98\x8dHow are you \xf0\x9f\xa4\x9f\xf0\x9f\x98\x8e The Internet May Be Next Victim of Coronavirus Pandemic \xf0\x9f\x98\xb1 More info here https://t.co/enlIAzwz\xe2\x80\xa6',b'RT HOLY SHIT IT\xe2\x80\x99S HABBENING #Google #Facebook being sued for \xe2\x80\x9cCOMPLICITY IN GENOCIDE IN CHINA by victims of rape torture co\xe2\x80\xa6',b'RT Simba of the White Mane 1958 HC Sr Ed #childrenbooks #vintagebooks #novels #bookstores #usedbooks #usedbookstores #B\xe2\x80\xa6',b'Bakers Ranch Florida\xe2\x80\x99s Premier All Inclusive Wedding Venue on #Google https://t.co/xj2Q3C9cGd',b'Did you know that users gazes follow a pinball pattern https://t.co/15RykERr4r #marketing #google #seo https://t.co/i0ThnoKhVd',"b""Not only can we help you get your website to #Google's first page as a trusted #GooglePartner we can also help you with #GoogleAds."""
b'RT #BREAKING:Turns out anticipating a MAJOR #coronavirus LAWSUIT is already SCRUBBING its #Twitter feed of DAMNING\xe2\x80\xa6',b'RT _Tips 4 Industries That Need To Invest In SEO https://t.co/NblWTNdK8O #SEO #SEOStagram #SearchEngineOptimization #Google #Se\xe2\x80\xa6',b'RT RT 8 Benefits Of Using Google Ads https://t.co/hTtpEuQYMg #GoogleAds #PPC #SEM #SearchEngineMarketing\xe2\x80\xa6',b'RT Hey Guys Thanks a lot who gave their opinion Hope you people are doing well #StayAtHome #StaySafe and enjoy our qu\xe2\x80\xa6',"b'RT #BREAKING:ICYMI-- #Pence appeared on #CNN moments ago and said the #Trump admin now believes #Italy is our ""MOST COMPARA\xe2\x80\xa6'"

b'RT #Google Vice President Vinton Cerf tests positive for the #coronavirus He has been arrested #censorship',b'How #Cloud Operations Are Changing in 2020 https://t.co/dMqBAdC1Gv #cloudsecurity #ecosystem #GoogleCloud https://t.co/Eey6EZQQVY',b'RT #BREAKING:Turns out anticipating a MAJOR #coronavirus LAWSUIT is already SCRUBBING its #Twitter feed of DAMNING\xe2\x80\xa6',b'RT Check out Delicious Pizza 2008 HC Published UK #cookbooks #pizza #cookbookstores #bookstores #usedbooks #usedbookstore\xe2\x80\xa6',b'Need a little art history lesson!? . Take a tour through famous stages around the world! . https://t.co/PHcLJs6ApS https://t.co/I3uv4yFpXv'
"b'RT #Modi will face the wrath of nationalist Hindus in coming elections. If things don\'t change for better and if they don\'t stop ""\xe2\x80\xa6'",b'RT _hanke This is #Modi\xe2\x80\x99s #Lockdown This is #India\xe2\x80\x99s #PoliceState in full display While the poorest Indians starve the police are\xe2\x80\xa6',b'_singh Thanks paa g hopefully your media and PM #modi https://t.co/kJWgVV9AHA',b'RT _hanke This is #Modi\xe2\x80\x99s #Lockdown This is #India\xe2\x80\x99s #PoliceState in full display While the poorest Indians starve the police are\xe2\x80\xa6',"b'RT Criticising on every step ""woke liberals realised that the biggest human mess was created by their own \xe2\x80\xa6'"
b'RT The worst part is not the test guys the worst part is dying alone Once you are quarantined in the hospital your famil\xe2\x80\xa6',b'And.. #corona #selfisolation project no 2 today.. Format and rebuild MacBook Pro SSD Placitas New Mexico https://t.co/wOcEYVw0rQ',b'RT Support the people in Corona quarantine and in the treatment.. Support them mentally https://t.co/PORrHRrJkD #COVID19 #Co\xe2\x80\xa6',b'RT This Is Real Face Of #CoronaJihad \xf0\x9f\x91\x87\xf0\x9f\x8f\xbf Zaahil Kaum IS Spitting On Doctors And Abusing Them When Doctors Are Going To Sav\xe2\x80\xa6',b'RT Spread of #Corona by Tablighi Jamat. #BanJahilJamat https://t.co/ouPQSziN5a',b'RT China\xe2\x80\x99s #TikTok should be banned in India and all these #TikTok Lukkha stars should be put in jail if they make any video\xe2\x80\xa6',b'RT This Is Real Face Of #CoronaJihad \xf0\x9f\x91\x87\xf0\x9f\x8f\xbf Zaahil Kaum IS Spitting On Doctors And Abusing Them When Doctors Are Going To Sav\xe2\x80\xa6',b'I restarted my hobby of crafts during this #LockDown I am happy to make cool https://t.co/g5zxL1Q43k',b'RT I see lots of #Corona jokes &amp memes on social media I get it Sometimes you have to laugh to keep from crying Don\xe2\x80\x99t la\xe2\x80\xa6',b'Sorry no more #China products! #COVID19Pandemic #Corona #COVID19 #ChinaVirus'
b'RT _hanke This is #Modi\xe2\x80\x99s #Lockdown This is #India\xe2\x80\x99s #PoliceState in full display While the poorest Indians starve the police are\xe2\x80\xa6',b'RT _hanke This is #Modi\xe2\x80\x99s #Lockdown This is #India\xe2\x80\x99s #PoliceState in full display While the poorest Indians starve the police are\xe2\x80\xa6',b'RT there are the same folks who cannot even figure out how to entertain themselves and their family of four for 21 days but t\xe2\x80\xa6',b'RT So far the only two people who have not agreed to Modi s terms are and and that is why they still\xe2\x80\xa6',b'If #RBI #FM #Modi do not take strict action against Pvt b https://t.co/yQLG5r0daH'
b'RT _hanke This is #Modi\xe2\x80\x99s #Lockdown This is #India\xe2\x80\x99s #PoliceState in full display While the poorest Indians starve the police are\xe2\x80\xa6',b'RT _hanke This is #Modi\xe2\x80\x99s #Lockdown This is #India\xe2\x80\x99s #PoliceState in full display While the poorest Indians starve the police are\xe2\x80\xa6',b'RT there are the same folks who cannot even figure out how to entertain themselves and their family of four for 21 days but t\xe2\x80\xa6',b'RT So far the only two people who have not agreed to Modi s terms are and and that is why they still\xe2\x80\xa6',b'If #RBI #FM #Modi do not take strict action against Pvt b https://t.co/yQLG5r0daH'
"b""RT It's shameful to #India if NSA negotiated with #NizamuddinMarkaj to evacuate building Soon we feel heat of the\xe2\x80\xa6""",b'#PMOIndia #Modi Excellent Answer by Our PM..!! \xf0\x9f\x99\x8f\xf0\x9f\x99\x8f\xf0\x9f\x99\x8f\xf0\x9f\x99\x8f\xf0\x9f\x99\x8c\xf0\x9f\x99\x8c\xf0\x9f\x99\x8c https://t.co/YWc6U91a7q',b'RT _hanke This is #Modi\xe2\x80\x99s #Lockdown This is #India\xe2\x80\x99s #PoliceState in full display While the poorest Indians starve the police are\xe2\x80\xa6',b'18 nations including USA and UK wants #Modi NARENDER MODI as leader for TASK FORCE for CORONA..what a proud moment https://t.co/mEWxCJmycM',b'RT _hanke This is #Modi\xe2\x80\x99s #Lockdown This is #India\xe2\x80\x99s #PoliceState in full display While the poorest Indians starve the police are\xe2\x80\xa6'
b'RT Stay at home is paying off Thanks to for the link 40 hours of intensive training. Ready to use my knowle\xe2\x80\xa6',b'RT Brave is ready to take #Google to court if none of the regulatory bodies want to take action on the #GDPR complaint fi\xe2\x80\xa6',b'Calgary #Business Content #Marketing #Google 3-Pack Lead Generation Services Launch https://t.co/fGGCeIQLqv',b'Thank you to all our listeners Today we are celebrating 4000 downloads from Mark Lerner\xe2\x80\x99s #podcast #AstroScope. https://t.co/NXHskQuSeY',b'RT How To Optimize Your Website For Increased Organic Keywords https://t.co/KRkPERmgE8 #Keyword #Keywords #SEO #SEOTip\xe2\x80\xa6',b'RT How To Find Your Competitors Backlinks &amp Improve Your Own Linkbuilding https://t.co/mvu1RjaIuL #SEO #Linkbuilding\xe2\x80\xa6',b'Smarter Homes of Austin on #Google https://t.co/mSTUg2adPr Check this out for entertainment.',b'RT Brave is ready to take #Google to court if none of the regulatory bodies want to take action on the #GDPR complaint filed\xe2\x80\xa6',b'\xf0\x9f\x98\x85 More in a free game \xe2\x9e\xa1 https://t.co/cc73csHndH \xe2\x9d\xa4\xef\xb8\x8f #joke #jokes #fun #funtime #esdroid #android #google https://t.co/FoQlrmtyZZ',b'#Startups now don\xe2\x80\x99t have to bring up email chat or phone right away #Messaging w/#Apple Biz Chat n #Google Messagi https://t.co/5XUKV6UvXY'
b'RT #BREAKING:Turns out anticipating a MAJOR #coronavirus LAWSUIT is already SCRUBBING its #Twitter feed of DAMNING\xe2\x80\xa6',b'Never Forget #daffytoons #googleplus #ripgoogleplus #art #digitalart #digitaldrawing #drawing #google https://t.co/gomNTBk7uK',b'all the time #music #google #helpplease #funny https://t.co/NvfmRGdWS2',b'#Google\xe2\x80\x99s #SupremeCourt bid to legalize #intellectualproperty theft https://t.co/b4mvhh3PIo',b'RT Desk dog is judging your time #google searching https://t.co/uhqvwAKnG1',b'RT Does Host Location Matter for Google &amp SEO via https://t.co/zODa1MwShh #SEO #SearchEngineOptimization #Digi\xe2\x80\xa6',"b'Google providing Wi-Fi to 100,000 California students and 4,000 Chromebooks https://t.co/fitVGLEtTT #Google https://t.co/XQC54q0Rur'",b'YouTube \xe2\x80\x98Shorts reportedly launching this year to counter TikTok https://t.co/MBo8lBQeQF #Google #Technology https://t.co/Y5HV5g58bK',"b""#gear #google #internet #mobile #services YouTube may counter TikTok with a feed of video 'Shorts' https://t.co/qNFzlpCqpR""",b'I couldn\xe2\x80\x99t join your presentation on \xe2\x80\x98Apple #healthcare due to tech problems but read the present https://t.co/yNWN5ALQiN',b'The Thinking Coach on #Google https://t.co/4oUmGWQtY0',b'Out Now\xe2\x80\xbc #Spinrilla #Audiomack \xe2\x80\xa2 \xe2\x80\xa2 \xe2\x80\xa2 \xe2\x80\xa2 #OthaSide #RydaNation #2800ent #spotify #youtube #google #Quarantine https://t.co/UDBGh9rpYW',b'https://t.co/P7RD9Lj58O #ibiza #electro #techno #club #\xe3\x83\x86\xe3\x82\xaf #art #popart #\xe8\x8a\xb8 # #soundcloud #music #beatport #itunes https://t.co/d8sTfgbLT9',b'RT Thank you to all our listeners Today we are celebrating 4000 downloads from Mark Lerner\xe2\x80\x99s #podcast #AstroScope Listen o\xe2\x80\xa6',"b""YouTube may counter TikTok with a feed of video 'Shorts https://t.co/GFkqAO993X #gear #google""","b""#YouTube 'Shorts is #Google's answer to #TikTok says report https://t.co/1IK9Vu2EdR https://t.co/Pn2Zx0X2Me""",b'How to Ace Your Technical SEO https://t.co/thvGlpYUcO #TechnicalSEO #SEO #Google',b'RT Stay at home is paying off Thanks to for the link 40 hours of intensive training. Ready to use my knowle\xe2\x80\xa6',b'RT Brave is ready to take #Google to court if none of the regulatory bodies want to take action on the #GDPR complaint fi\xe2\x80\xa6',b'Calgary #Business Content #Marketing #Google 3-Pack Lead Generation Services Launch https://t.co/fGGCeIQLqv'
b'RT \xf0\x9f\x8e\x89Happy Birthday Ajay Devgn sir SINGHAM ) Sir On Sir #HappyBirthdayAjayDevgn #HBDAjayDevgnFr\xe2\x80\xa6',"b""RT When elder get cosy .. younger don't put nosy. #BolBachchan #HappyBirthdayAjayDevgn""","b'I saw the movie ""Phool aur Kaante on rented Video cassette Player at that time of release in my home with family a https://t.co/L9twitGjJt'",b'RT ____Raj Happy Birthday The Singham Of Bollywood from SRKians. May God Bless You. #HappyBirthdayAjayDevgn https://t.\xe2\x80\xa6',b'RT Just a try to sketch out our favourite #Singham \xf0\x9f\x98\x8e... Lots of Wishes Sir #HappyBirthdayAjayDevgn https://t.co/3JgwA6D6vF',b'RT An actor whose versatility has no boundaries from an action hero to a romantic one in the 90s from a villian to a pat\xe2\x80\xa6',"b""RT Happy 51th glorious birthday to the world's finest natural actor action superstar and king of intensity one and only my\xe2\x80\xa6""",b'RT _Devgn In 2003 won his second National Film Award for Best Actor for his portrayal of Bhagat Singh in Rajkumar Santo\xe2\x80\xa6',"b""RT #HappyBirthdayAjayDevgn Tweet AJ's five favorite movies under this tweet and RT Mine 1 Dilwale 2 Singham\xe2\x80\xa6""",b'RT 100K Tweets Well Done Adians Superb #HappyBirthdayAjayDevgn https://t.co/fazZIF4vjp'
b'Follow me on https://t.co/w7rlEWY0vn \xf0\x9f\xa5\xb0\xe2\x9d\xa4 #me #girl #TransDayOfVisibility #TransIsBeautiful #TransWomenareWomen https://t.co/hglSTGwX6m',b'#happy #instalike Casual Nylon Strap Quartz Watch for Men https://t.co/ncDHmQAAIs https://t.co/fAQkplceRT',b'RT How\xe2\x80\x99s that for Social Distance #Happy #exit https://t.co/mIe9xC1B5u',b'When you forgive.. #Peace #gedeprama #bali #beauty #happy #healthy #holy #innerharmony #JoyTrain Photo courtesy: https://t.co/X008Z2QxLH',"b'RT _obichukwu In this new month Your Joy will be complete ,Victory Songs will not cease from your Mouth and Each New Day will bring\xe2\x80\xa6'"
b'Nice Price on a Cadillac https://t.co/ww5nynLx69 #cadillac #gm',b'As part of GM\xe2\x80\x99s ongoing efforts to support medical professionals they are converting the Warren MI facility to pr https://t.co/UlvbRhfQtc',"b""Perhaps a little *too well Nah it'll be fine. #GM #TemPortalers #Podcast https://t.co/EwcMDIVJ66""",b'_CarlaS2 _iqbal786 https://t.co/MeFBJY4kHp',b'God love those workers.\xe2\x9d\xa4\xef\xb8\x8f\xf0\x9f\x87\xba\xf0\x9f\x87\xb8\xf0\x9f\x91\x8f\xf0\x9f\x8f\xbb\xf0\x9f\x91\x8f\xf0\x9f\x8f\xbb\xf0\x9f\x91\x8f\xf0\x9f\x8f\xbb\xf0\x9f\x91\x8f #GM'
b'This is really god #ChrissMann #StayHome #hello #Adele https://t.co/Fav95JKcYy',b'Publish New Compose Message #hello 1585779700435 https://t.co/fLZgYu9BVh',b'Greetings I noticed you tweeted about hedgehogs Did you know I am a hedgehog :P I tweet about how muc https://t.co/OJrYJ4IB1J',"b""When the whole world is experiencing very strange times it's videos like this which keeps us smiling #ChrisMann https://t.co/NqdjE01g9L""",b'Publish New Compose Message #hello 1585778336560 https://t.co/CONG2hsEy1'
"b""It's 2020-04-01T22:34:50.4089608Z #tuesdaymotivation #funny #pets #followme #f4f #c4c #shout #love #me #cute https://t.co/wWP6WJYJ6r""","b'I wrote a Comedy/Drama Screenplay titled ""Angel\'s Laughter registered #1971447 at Writer\'s Guild of America #WGA https://t.co/8I7ERaVZ1t'",b'No babe no credit here It\xe2\x80\x99s y\xe2\x80\x99all that make this happen Seriously I hope all my followers understand that it isn https://t.co/ZGHapY7uWi',b'RT The Greatest Gift That You Can Give To Others Is The Gift Of Unconditional Love And Acceptance \xf0\x9f\x92\x9e\xf0\x9f\x98\x8a #Amazing #UnusualFri\xe2\x80\xa6',b'Gran-F https://t.co/zRnprkYz8h \xf0\x9f\x94\xa5\xf0\x9f\x92\xaf\xf0\x9f\x87\xad\xf0\x9f\x87\xb9\xf0\x9f\x94\xbd . . . . . . . . . . . . #instagram #followme #style https://t.co/LiQxU8OTUZ'
b'RT #Google Vice President Vinton Cerf tests positive for the #coronavirus He has been arrested #censorship',b'Edwards Prime Enterprise on #Google https://t.co/fStAqiPf9V',b'RT Happy 16th Birthday Gmail Look at how the Gmail website looked in 2004 https://t.co/hm1BM2RD2B #Gmail #WebDesign #In\xe2\x80\xa6',b'RT Learn out #Google and Facebook will offer small businesses ad credits and grants https://t.co/QVe299ZK2M via \xe2\x80\xa6',b'#google really be saying they\xe2\x80\x99re working for the rights of women and 12 seconds later be accepting a contract from https://t.co/08dtCeqL86'
b'_Pune _Satara _Solapur https://t.co/dmVsWz2Kym',b'@_sabanaqvi Better to say #BJP\xe2\x80\x99s #hatePracharaktaVirus spreads diligently https://t.co/rxOrPVoNTS',b'RT PM #Modi on Thursday told chief ministers that to check the spread of the #NovelCoronavirus testing tracing isolation\xe2\x80\xa6',b'RT _Insight @\xe2\x80\xa6',b'Govt launches app to trace Coronavirus positive \xe2\x80\x98Aarogya Setu https://t.co/Fn4vQ4me2W #AarogyaSetu #modi #bjp https://t.co/P8QyVl79np',b'RT PM #Modi on Thursday told chief ministers that to check the spread of the #NovelCoronavirus testing tracing isolation\xe2\x80\xa6',b'RT PM #Modi on Thursday told chief ministers that to check the spread of the #NovelCoronavirus testing tracing isolation\xe2\x80\xa6',b'PM #Modi on Thursday told chief ministers that to check the spread of the #NovelCoronavirus testing tracing isol https://t.co/uY19bflcCL',"b""RT _27 \xe0\xa4\x95\xe0\xa5\x8b \xe0\xa4\xac\xe0\xa4\xbe \xe0\xa4\xa8\xe0\xa4\xb9\xe0\xa5\x80 \xe0\xa4\xb8 \xe0\xa4\x85\xe0\xa4\xaa\xe0\xa4\xa8 #\xe0\xa4\xad\xe0\xa4\xbe\xe0\xa4\x9c\xe0\xa4\xaa \xe0\xa4\xb8\xe0\xa4\xb0\xe0\xa4\x95\xe0\xa4\xbe \xe0\xa4\x86\xe0\xa4\xa4 \xe0\xa4\xb9 \xe0\xa4\x87\xe0\xa4\xa8\xe0\xa4\xaa \xe0\xa4\x95\xe0\xa4\xa1\xe0\xa4\xbc \xe0\xa4\x95\xe0\xa4\xb0\xe0\xa4\xb5\xe0\xa4\xbe \xe0\xa4\x95 \xe0\xa4\x9c\xe0\xa4\xbe\xe0\xa4\xaf\xe0\xa5\x87\xe0\xa4\x97 \xf0\x9f\x98\x8f Gr8 fan of yours but don't u think v r fe\xe2\x80\xa6""",b'RT Another stab in the back of #Kashmiris by #Modi but this will also backfire \xe2\x80\x98Demographic flooding\xe2\x80\x99 India introduces ne\xe2\x80\xa6'
"b""RT __DSouza 2008 vs 2020 \xf0\x9f\x93\x8a What were some expensive lessons you've learned while investing in the stock markets during 2008? Let\xe2\x80\x99s\xe2\x80\xa6""","b'FIIs sold Rs 61,972.75 crore in the equity market and Rs 60,375.81 crore in the debt market in March. #FII #FPI https://t.co/FgCxT0TCjS'",b'With Pickright by your side you can be as calm as a cucumber #pickright #tradinghours #lockdown #coronavirus https://t.co/c1JisOTFOQ',b'RT _Gulecha #ITC #FMCG #nifty #sensex smoked ! where the hell all smokers went ! https://t.co/rFlwk671AK',"b'RT _Gulecha #JubilantFoods #Dominos #dominospizza #pizza #FMCG #nifty #sensex If u believe in theory people will not stop eating,\xe2\x80\xa6'",b'RT _Gulecha #ITC #FMCG #nifty #sensex smoked ! where the hell all smokers went ! https://t.co/rFlwk671AK',b'RT _Gulecha #ITC #FMCG #nifty #sensex smoked ! where the hell all smokers went ! https://t.co/rFlwk671AK',b'#JubilantFoods #Dominos #dominospizza #pizza #FMCG #nifty #sensex If u believe in theory people will not stop ea https://t.co/lzKlfGvcpX',b'GIC seeks relaxation in regulatory norms as coronavirus hits operations While insurance firms ignore MTM gains th https://t.co/KOOHwlGBMo',b'RT _Gulecha #InterGlobe #indigo #Aviation #nifty #sensex East West Airlines Damania Airways NEPC Airlines Modiluft Air Sahara King\xe2\x80\xa6',b'RT The Sensex crashed about 40 over 2000 and 2001 and rallied for six straight years after that It dived 52 in 2008 on\xe2\x80\xa6',b'#ITC #FMCG #nifty #sensex smoked ! where the hell all smokers went ! https://t.co/rFlwk671AK',b'#InterGlobe #indigo #Aviation #nifty #sensex East West Airlines Damania Airways NEPC Airlines Modiluft Air Sahar https://t.co/rLoslrQ5s5',b'RT Make most out of this bear market #sensex #mutualfund #corona #coronavirusindia #COVID19Pandemic #COVID\xe3\x83\xbc19 #Nizamuddin\xe2\x80\xa6',"b'Trust your self own self."" Chirag Patel . . #RamNavami2020 #FightCoronaTogether . #traders #trading https://t.co/u42UCYP04p'","b'Invest on your Own Research "" Chirag Patel . . #RamNavami2020 #FightCoronaTogether . #traders #trading https://t.co/jtjO532ffs'","b'Take and keep patience "" Chirag Patel . . #RamNavami2020 #FightCoronaTogether . #traders #trading #daytrader https://t.co/NcFHL6U6HE'",b'RT A 10 Year glance of #Sensex Companies...some interesting data...Some created tremendous wealth some stayed stagnant. #inves\xe2\x80\xa6',b'#VodafoneIdea #Idea #telecom #nifty #sensex invest that much which u can see going to 0 https://t.co/j7Hl1z6cUs',"b""RT __DSouza 2008 vs 2020 \xf0\x9f\x93\x8a What were some expensive lessons you've learned while investing in the stock markets during 2008? Let\xe2\x80\x99s\xe2\x80\xa6""",b'RT #coronavirus impact on #tourist industry : #coronavirusimpact #sensex #Nifty #chalopaisakamatehai #mukulagrawal #agraw\xe2\x80\xa6',"b""#LIVEToday's Market Action https://t.co/XOOgf0gTta #Nifty #sensex #stockstowatch #StocksToTrade #StockMarket https://t.co/bo2OoynG4e""",b'#BSE #bse #sensex #NSE #sensex I think this is the best time to contribute Please each and every companies donate https://t.co/rdSGfM7he5',"b""RT __DSouza 2008 vs 2020 \xf0\x9f\x93\x8a What were some expensive lessons you've learned while investing in the stock markets during 2008? Let\xe2\x80\x99s\xe2\x80\xa6""","b""RT __DSouza 2008 vs 2020 \xf0\x9f\x93\x8a What were some expensive lessons you've learned while investing in the stock markets during 2008? Let\xe2\x80\x99s\xe2\x80\xa6""",b'#MarketswithMC The sentiment on D-Street has been sombre since the #coronavirus outbreak But the situation has https://t.co/SMy7a1KmGo',b'RT #coronavirus impact on #tourist industry : #coronavirusimpact #sensex #Nifty #chalopaisakamatehai #mukulagrawal #agraw\xe2\x80\xa6',b'RT #indianrailways Clarification : : : : : : #coronavirusimpact #stockmarketindia #sensex #intraday #Nifty #mukulagrawal\xe2\x80\xa6',b'RT #coronavirus impact on #tourist industry : #coronavirusimpact #sensex #Nifty #chalopaisakamatehai #mukulagrawal #agraw\xe2\x80\xa6',b'RT #marketupdates at 11:45 am #stocks #bonds #Rupee firm on FII inflows low-level buying in bluechips propelled indices de\xe2\x80\xa6',b'RT #Markets at close #stocks indices notched up smart gains on last day of 2019-20 but ended deep in red #Sensex ended 3.6\xe2\x80\xa6',b'RT What you have learnt or learning in this market fall What will be your Strategy to cope up #Nifty #Sensex #StockMark\xe2\x80\xa6',b'What you have learnt or learning in this market fall What will be your Strategy to cope up #Nifty #Sensex https://t.co/sy7Pn6PplT',"b'RT \xf0\x9f\x91\x87 \xf0\x9f\x91\x89 #Trading is the #HardestWay to Earn #EasyMoney""\xf0\x9f\x92\xb0\xf0\x9f\x92\xb3\xf0\x9f\x92\xb2\xf0\x9f\x92\xb5\xf0\x9f\x92\xb4\xf0\x9f\x92\xb6\xf0\x9f\x92\xb7\xf0\x9f\x92\xb8 #NSE #BSE #Sensex #MCX #NCDX #ICEX #Comex #NYMEX #Forex #Nifty #Ba\xe2\x80\xa6'","b""RT __DSouza 2008 vs 2020 \xf0\x9f\x93\x8a What were some expensive lessons you've learned while investing in the stock markets during 2008? Let\xe2\x80\x99s\xe2\x80\xa6""","b""RT __DSouza 2008 vs 2020 \xf0\x9f\x93\x8a What were some expensive lessons you've learned while investing in the stock markets during 2008? Let\xe2\x80\x99s\xe2\x80\xa6""","b""RT __DSouza 2008 vs 2020 \xf0\x9f\x93\x8a What were some expensive lessons you've learned while investing in the stock markets during 2008? Let\xe2\x80\x99s\xe2\x80\xa6""",b'RT #indianrailways Clarification : : : : : : #coronavirusimpact #stockmarketindia #sensex #intraday #Nifty #mukulagrawal\xe2\x80\xa6',"b""RT __DSouza 2008 vs 2020 \xf0\x9f\x93\x8a What were some expensive lessons you've learned while investing in the stock markets during 2008? Let\xe2\x80\x99s\xe2\x80\xa6""","b""RT __DSouza 2008 vs 2020 \xf0\x9f\x93\x8a What were some expensive lessons you've learned while investing in the stock markets during 2008? Let\xe2\x80\x99s\xe2\x80\xa6""","b""RT __DSouza 2008 vs 2020 \xf0\x9f\x93\x8a What were some expensive lessons you've learned while investing in the stock markets during 2008? Let\xe2\x80\x99s\xe2\x80\xa6""",b'RT #coronavirus impact on #tourist industry : #coronavirusimpact #sensex #Nifty #chalopaisakamatehai #mukulagrawal #agraw\xe2\x80\xa6',b'RT #coronavirus impact on #tourist industry : #coronavirusimpact #sensex #Nifty #chalopaisakamatehai #mukulagrawal #agraw\xe2\x80\xa6',"b""RT __DSouza 2008 vs 2020 \xf0\x9f\x93\x8a What were some expensive lessons you've learned while investing in the stock markets during 2008? Let\xe2\x80\x99s\xe2\x80\xa6""",b'RT #coronavirus impact on #tourist industry : #coronavirusimpact #sensex #Nifty #chalopaisakamatehai #mukulagrawal #agraw\xe2\x80\xa6',b'#coronavirus impact on #tourist industry : #coronavirusimpact #sensex #Nifty #chalopaisakamatehai #mukulagrawal https://t.co/1F2uS8UaUX',"b'""It\xe2\x80\x99s very hard to go bankrupt when you don\xe2\x80\x99t have any debt Peter Lynch #stockmarket #investing #stocks #sensex https://t.co/KDsQC0sLAQ'","b'RT Bears rule as #Sensex tanked 1,400 points Investors lost Rs 2.68 lakh crore in panic selling Foreign investors pulle\xe2\x80\xa6'",b'RT _India On Wednesday the #Sensex started the day with a fall Rapidly growing #coronavirus cases across the country are putting\xe2\x80\xa6',"b""RT __DSouza 2008 vs 2020 \xf0\x9f\x93\x8a What were some expensive lessons you've learned while investing in the stock markets during 2008? Let\xe2\x80\x99s\xe2\x80\xa6"""
